,concentration,mean_pascal,std_pascal
0,2,22.534074461562113,30.166441285946988
1,5,166.46970507719297,30.215400968989115
2,16,1862.1006414520311,54.03048442214774
3,21,3239.526109908572,97.15641715196725
