,concentration,mean_pascal,std_pascal
0,2,22.46831546290277,26.594139611767364
1,5,165.85293320119376,26.6373844073619
2,16,1856.1681293748295,47.657668789538455
3,21,3229.465477142015,85.71233825438942
